shapeid,y,x,endy,endx,type
0,-71.1172,42.3856,-71.1037,42.3648,car
0,-71.1172,42.3856,-71.1037,42.3648,bike
0,-71.1172,42.3856,-71.087983,42.360622,car
0,-71.1172,42.3856,-71.087983,42.360622,bike
0,-71.10976,42.353833,-71.087983,42.360622,car
0,-71.10976,42.353833,-71.087983,42.360622,bike